INSERT INTO player (id, first_name, last_name, birth_date, bat_side, throw_arm) VALUES
(1, "Barry", "Bonds", "1964-07-24", "L", "L"),
(2, "Hank", "Aaron", "1934-02-05", "R", "R"),
(3, "Babe", "Ruth", "1895-02-06", "L", "L"),
(4, "Ted", "Williams", "1918-08-30", "L", "L"),
(5, "Randy", "Johnson", "1963-09-10", "R", "L"),
(6, "Nolan", "Ryan", "1947-01-31", "R", "R"),
(7, "Shohei", "Ohtani", "1994-07-05", "L", "R"),
(8, "Lou", "Gehrig", "1903-06-19", "L", "L");

INSERT INTO team (id, name, year) VALUES
(1, "San Francisco Giants", 1998),
(2, "San Francisco Giants", 1999),
(3, "San Francisco Giants", 2000),
(4, "San Francisco Giants", 2001),
(5, "San Francisco Giants", 2002),
(6, "San Francisco Giants", 2003),
(7, "San Francisco Giants", 2004),
(8, "Atlanta Braves", 1966),
(9, "Atlanta Braves", 1967),
(10, "Atlanta Braves", 1968),
(11, "Atlanta Braves", 1969),
(12, "Atlanta Braves", 1970),
(13, "Atlanta Braves", 1971),
(14, "Atlanta Braves", 1972),
(15, "Boston Red Sox", 1918),
(16, "Boston Red Sox", 1919),
(17, "New York Yankees", 1920),
(18, "New York Yankees", 1921),
(19, "New York Yankees", 1922),
(20, "New York Yankees", 1923),
(21, "New York Yankees", 1924),
(22, "New York Yankees", 1925),
(23, "New York Yankees", 1926),
(24, "New York Yankees", 1927),
(25, "New York Yankees", 1928),
(26, "New York Yankees", 1929),
(27, "New York Yankees", 1930),
(28, "New York Yankees", 1931),
(29, "Boston Red Sox", 1946),
(30, "Boston Red Sox", 1947),
(31, "Boston Red Sox", 1948),
(32, "Boston Red Sox", 1949),
(33, "Boston Red Sox", 1950),
(35, "Arizona Diamondbacks", 1999),
(36, "Arizona Diamondbacks", 2000),
(37, "Arizona Diamondbacks", 2001),
(38, "Arizona Diamondbacks", 2002),
(39, "Arizona Diamondbacks", 2003),
(40, "Arizona Diamondbacks", 2004),
(41, "Los Angeles Angels", 1972),
(42, "Los Angeles Angels", 1973),
(43, "Los Angeles Angels", 1974),
(44, "Los Angeles Angels", 1975),
(45, "Los Angeles Angels", 1976),
(46, "Los Angeles Angels", 1977),
(47, "Los Angeles Angels", 1977),
(48, "Los Angeles Angels", 1978),
(49, "Los Angeles Angels", 2018),
(50, "Los Angeles Angels", 2019),
(51, "Los Angeles Angels", 2020),
(52, "Los Angeles Angels", 2021),
(53, "Los Angeles Angels", 2022),
(54, "Los Angeles Angels", 2023),
(55, "Los Angeles Dodgers", 2024),
(56, "Los Angeles Dodgers", 2025);

INSERT INTO player_team (player_id, team_id) VALUES
(1, 1),
(1, 2),
(1, 3),
(1, 4),
(1, 5),
(1, 6),
(1, 7),

(2, 8),
(2, 9),
(2, 10),
(2, 11),
(2, 12),
(2, 13),
(2, 14),

(3, 15),
(3, 16),
(3, 17),
(3, 18),
(3, 19),
(3, 20),
(3, 21),
(3, 22),
(3, 23),
(3, 24),
(3, 25),
(3, 26),
(3, 27),
(3, 28),

(4, 29),
(4, 30),
(4, 31),
(4, 32),
(4, 33),

(5, 35),
(5, 36),
(5, 37),
(5, 38),
(5, 39),
(5, 40),

(6, 41),
(6, 42),
(6, 43),
(6, 44),
(6, 45),
(6, 46),
(6, 47),
(6, 48),

(7, 49),
(7, 50),
(7, 51),
(7, 52),
(7, 53),
(7, 54),
(7, 55),
(7, 56),

(8, 20),
(8, 21),
(8, 22),
(8, 23),
(8, 24),
(8, 25),
(8, 26),
(8, 27),
(8, 28);

INSERT INTO position (id, position) VALUES
(1, "Pitcher"),
(2, "Catcher"),
(3, "First Base"),
(4, "Second Base"),
(5, "Third Base"),
(6, "Shortstop"),
(7, "Left Field"),
(8, "Center Field"),
(9, "Right Field"),
(10, "Designated Hitter");

INSERT INTO player_position (player_id, position_id) VALUES
(1, 7),
(2, 8),
(3, 1),
(3, 7),
(3, 8),
(3, 9),
(4, 7),
(5, 1),
(6, 1),
(7, 1),
(7, 10),
(8, 3);

INSERT INTO pitching_stats (player_id, year, era, innings_pitched, wins, losses, strikeouts) VALUES
(3, 1918, 2.22, 166.1, 13, 7, 40),
(3, 1919, 2.97, 133.1, 9, 5, 30),
(3, 1920, 4.50, 4.0, 1, 0, 0),
(3, 1921, 9.00, 9.0, 2, 0, 2),
(3, 1930, 3.00, 9.0, 1, 0, 3),
(5, 1999, 2.48, 271.2, 17, 9, 364),
(5, 2000, 2.64, 248.2, 19, 7, 347),
(5, 2001, 2.49, 249.2, 21, 6, 372),
(5, 2002, 2.32, 260.0, 24, 5, 334),
(5, 2003, 4.26, 114.0, 6, 8, 125),
(5, 2004, 2.60, 245.2, 16, 14, 290),
(6, 1966, 15.00, 3.0, 0, 1, 6),
(6, 1968, 3.09, 134.0, 6, 9, 133),
(6, 1969, 3.53, 89.0, 6, 3, 92),
(6, 1970, 3.42, 131.2, 7, 11, 125),
(6, 1971, 2.89, 152.0, 10, 14, 137),
(6, 1972, 2.28, 284.0, 19, 16, 329),
(6, 1973, 2.87, 326.0, 21, 16, 383),
(6, 1974, 2.89, 332.2, 22, 16, 367),
(6, 1975, 3.45, 198.0, 14, 12, 186),
(6, 1976, 3.36, 284.1, 17, 18, 327),
(6, 1977, 2.77, 299.0, 19, 16, 341),
(6, 1978, 3.72, 234.1, 10, 13, 260),
(7, 2018, 3.31, 51.2, 4, 2, 63),
(7, 2020, 37.80, 1.2, 0, 1, 3),
(7, 2021, 3.18, 130.1, 9, 2, 156),
(7, 2022, 2.33, 166.0, 15, 9, 219),
(7, 2023, 3.14, 132.0, 10, 5, 162);

INSERT INTO batting_stats (player_id, year, batting_average, at_bats, hits, home_runs) VALUES
(1, 1998, 0.303, 552, 167, 37),
(1, 1999, 0.262, 355, 93, 34),
(1, 2000, 0.306, 480, 147, 49),
(1, 2001, 0.328, 476, 156, 73),
(1, 2002, 0.370, 403, 149, 46),
(1, 2003, 0.341, 390, 133, 45),
(1, 2004, 0.362, 373, 135, 45),
(2, 1966, 0.279, 603, 168, 44),
(2, 1967, 0.307, 600, 184, 39),
(2, 1968, 0.287, 606, 174, 29),
(2, 1969, 0.300, 547, 164, 44),
(2, 1970, 0.298, 516, 154, 38),
(2, 1971, 0.327, 495, 162, 47),
(2, 1972, 0.265, 449, 119, 34),
(2, 1973, 0.301, 392, 118, 40),
(2, 1974, 0.268, 382, 102, 20),
(2, 1975, 0.234, 465, 109, 12),
(2, 1976, 0.229, 271, 62, 10),
(3, 1918, 0.300, 317, 95, 11),
(3, 1919, 0.322, 432, 139, 29),
(3, 1920, 0.376, 458, 172, 54),
(3, 1921, 0.378, 540, 204, 59),
(3, 1922, 0.315, 406, 128, 35),
(3, 1923, 0.393, 522, 205, 41),
(3, 1924, 0.378, 529, 200, 46),
(3, 1925, 0.290, 359, 104, 25),
(3, 1926, 0.372, 495, 184, 47),
(3, 1927, 0.356, 540, 192, 60),
(3, 1928, 0.323, 536, 173, 54),
(3, 1929, 0.345, 499, 172, 46),
(3, 1930, 0.359, 518, 186, 49),
(3, 1931, 0.373, 534, 199, 46),
(4, 1946, 0.342, 514, 176, 38),
(4, 1947, 0.343, 528, 181, 32),
(4, 1948, 0.369, 509, 188, 25),
(4, 1949, 0.343, 566, 194, 43),
(4, 1950, 0.317, 334, 106, 28),
(5, 1999, 0.124, 97, 12, 0),
(5, 2000, 0.157, 83, 13, 0),
(5, 2001, 0.100, 91, 8, 0),
(5, 2002, 0.135, 89, 12, 0),
(5, 2003, 0.194, 36, 7, 1),
(5, 2004, 0.125, 80, 10, 0),
(6, 1972, 0.135, 96, 13, 0),
(7, 2018, 0.285, 326, 93, 22),
(7, 2019, 0.286, 384, 110, 18),
(7, 2020, 0.190, 153, 29, 7),
(7, 2021, 0.257, 537, 138, 46),
(7, 2022, 0.273, 586, 160, 34),
(7, 2023, 0.304, 497, 151, 44),
(7, 2024, 0.310, 636, 197, 54),
(8, 1923, 0.423, 26, 11, 1),
(8, 1924, 0.500, 12, 6, 0),
(8, 1925, 0.307, 437, 134, 20),
(8, 1926, 0.313, 572, 179, 16),
(8, 1927, 0.373, 584, 218, 47),
(8, 1928, 0.374, 581, 217, 27),
(8, 1929, 0.379, 584, 221, 35),
(8, 1930, 0.379, 591, 224, 41),
(8, 1931, 0.341, 619, 211, 46);

INSERT INTO awards (id, player_id, award_name, year) VALUES
(1, 3, "MVP", 1923),
(2, 8, "MVP", 1927),
(3, 4, "MVP", 1946),
(4, 4, "MVP", 1949),
(5, 5, "Cy Young", 1999),
(6, 5, "Cy Young", 2000),
(7, 1, "Silver Slugger", 2000),
(8, 1, "MVP", 2001),
(9, 5, "Cy Young", 2001),
(10, 1, "Silver Slugger", 2001),
(11, 1, "MVP", 2002),
(12, 5, "Cy Young", 2002),
(13, 1, "Silver Slugger", 2002),
(14, 1, "MVP", 2003),
(15, 1, "Silver Slugger", 2003),
(16, 1, "MVP", 2004),
(17, 1, "Silver Slugger", 2004),
(18, 7, "Rookie of the Year", 2018),
(19, 7, "MVP", 2021),
(20, 7, "MVP", 2023),
(21, 7, "MVP", 2024);




